test MCC		0.34640,	0.44440,	0.45237,	0.44839,	0.47177,	0.46015,	0.46473,	0.46015,	0.43281,	0.42714,	0.42770,	0.40062,	0.47542,	0.48327,	0.40838,	0.38632,	0.46399,	0.45604,	0.45013,	0.45992,
test Accuracy		75.52743,	79.74684,	80.59072,	79.74684,	81.01266,	79.95781,	81.22363,	79.95781,	77.84810,	77.21519,	76.37131,	76.37131,	80.80169,	81.22363,	76.58228,	75.73840,	80.80169,	80.16878,	78.90295,	80.37975,
dev MCC	gold	0.40103,	0.47811,	0.50394,	0.46985,	0.49515,	0.46175,	0.50394,	0.45379,	0.39478,	0.40176,	0.41785,	0.40176,	0.48655,	0.46175,	0.39478,	0.40176,	0.46175,	0.48655,	0.42334,	0.48655,
elizabeth dropped the ball .	1	1	1	1	1	1	1	1	1	1	1	1	1	1	1	1	1	1	1	1	1
the ball dropped .	1	0	1	1	1	1	1	1	1	1	1	0	1	1	1	0	1	1	1	1	1
david dropped the platter .	1	1	1	1	1	1	1	1	1	1	1	1	1	1	1	1	1	1	1	1	1
the platter dropped .	1	1	1	1	1	1	1	1	1	1	1	0	1	1	1	1	1	1	1	1	1
jessica dropped the vase .	1	1	1	1	1	1	1	1	1	1	1	1	1	1	1	1	1	1	1	1	1
the vase dropped .	1	1	1	1	1	1	1	1	1	1	1	1	1	1	1	1	1	1	1	1	1
michael dropped computer .	1	0	1	0	0	1	0	0	0	0	0	0	0	0	0	0	0	0	0	0	0
computer dropped .	1	0	0	0	0	0	0	0	0	0	0	0	0	0	0	0	0	0	0	0	0
david tipped over the ball .	1	1	1	1	1	1	1	1	1	1	1	1	1	1	1	1	1	1	1	1	1
the ball tipped over .	1	1	1	1	1	1	1	1	1	1	1	1	1	1	1	1	1	1	1	1	1
nicole tipped over the platter .	1	1	1	1	1	1	1	1	1	1	1	1	1	1	1	1	1	1	1	1	1
the platter tipped over .	1	1	1	1	1	1	0	1	0	0	0	0	0	1	1	0	0	0	1	0	1
michael tipped over the vase .	1	1	1	1	1	1	1	1	1	1	1	1	1	1	1	1	1	1	1	1	1
the vase tipped over .	1	1	0	1	0	0	0	0	0	1	1	0	1	0	1	1	1	0	0	0	0
rebecca tipped over computer .	1	0	0	1	1	1	1	1	0	0	0	0	0	1	1	0	0	1	0	0	1
computer tipped over .	1	1	1	1	1	1	1	1	1	1	1	1	1	1	1	1	1	1	1	1	1
nicole rolled the ball .	1	1	1	1	1	1	1	1	1	1	1	1	1	1	1	1	1	1	1	1	1
the ball rolled .	1	0	1	1	1	1	1	1	1	1	1	1	1	1	1	1	0	1	1	1	1
jessica rolled the wheel .	1	1	1	1	1	1	1	1	1	1	1	1	1	1	1	1	1	1	1	1	1
the wheel rolled .	1	1	1	1	1	1	1	1	1	1	1	1	1	1	1	1	1	1	1	1	1
rebecca moved the car .	1	1	1	1	1	1	1	1	1	1	1	1	1	1	1	1	1	1	1	1	1
the car moved .	1	1	1	1	1	1	1	1	1	1	1	1	1	1	1	1	1	1	1	1	1
david moved the bicycle .	1	1	1	1	1	1	1	1	1	1	1	1	1	1	1	1	1	1	1	1	1
the bicycle moved .	1	1	1	1	1	1	1	1	1	1	1	1	1	1	1	1	1	1	1	1	1
rebecca moved the truck .	1	1	1	1	1	1	1	1	1	1	1	1	1	1	1	1	1	1	1	1	1
the truck moved .	1	1	1	1	1	1	1	1	1	1	1	1	1	1	1	1	1	1	1	1	1
jessica moved the boat .	1	1	1	1	1	1	1	1	1	1	1	1	1	1	1	1	1	1	1	1	1
the boat moved .	1	1	1	1	1	1	1	1	1	1	1	1	1	1	1	1	1	1	1	1	1
nicole moved the ship .	1	1	1	1	1	1	1	1	1	1	1	1	1	1	1	1	1	1	1	1	1
the ship moved .	1	1	1	1	1	1	1	1	1	1	1	1	1	1	1	1	1	1	1	1	1
michael moved the plane .	1	1	1	1	1	1	1	1	1	1	1	1	1	1	1	1	1	1	1	1	1
the plane moved .	1	1	1	1	1	1	1	1	1	1	1	1	1	1	1	1	1	1	1	1	1
jason moved the cart .	1	1	1	1	1	1	1	1	1	1	1	1	1	1	1	1	1	1	1	1	1
the cart moved .	1	1	1	1	1	1	1	1	1	1	1	1	1	1	1	1	1	1	1	1	1
jason maneuvered the car .	1	1	1	1	1	1	1	1	1	1	1	1	1	1	1	1	1	1	1	1	1
the car maneuvered .	1	0	0	0	0	0	0	0	0	0	0	0	0	0	0	0	0	0	0	0	0
nicole maneuvered the bicycle .	1	1	1	1	1	1	1	1	1	1	1	1	1	1	1	1	1	1	1	1	1
the bicycle maneuvered .	1	0	0	0	0	0	0	0	0	0	0	0	0	0	0	0	0	0	0	0	0
jessica maneuvered the truck .	1	1	1	1	1	1	1	1	1	1	1	1	1	1	1	1	1	1	1	1	1
the truck maneuvered .	1	0	1	1	1	1	1	1	1	0	0	0	0	1	1	0	0	1	1	0	1
elizabeth maneuvered the boat .	1	1	1	1	1	1	1	1	1	1	1	1	1	1	1	1	1	1	1	1	1
the boat maneuvered .	1	0	0	0	0	0	0	0	0	0	0	0	0	0	0	0	0	0	0	0	0
nicole maneuvered the ship .	1	1	1	1	1	1	1	1	1	1	1	1	1	1	1	1	1	1	1	1	1
the ship maneuvered .	1	0	1	1	0	1	0	1	1	1	0	0	0	1	1	0	0	1	0	0	1
nicole maneuvered the plane .	1	1	1	1	1	1	1	1	1	1	1	1	1	1	1	1	1	1	1	1	1
the plane maneuvered .	1	0	0	0	0	0	1	1	0	0	0	0	0	1	0	0	0	1	0	0	0
rebecca maneuvered the cart .	1	1	1	1	1	1	1	1	1	1	1	1	1	1	1	1	1	1	1	1	1
the cart maneuvered .	1	0	0	0	0	0	0	0	0	0	0	0	0	0	0	0	0	0	0	0	0
jessica crashed the car .	1	1	1	1	1	1	1	1	1	1	1	1	1	1	1	1	1	1	1	1	1
the car crashed .	1	1	1	1	1	1	1	1	1	1	1	1	1	1	1	1	1	1	1	1	1
elizabeth crashed the bicycle .	1	1	1	1	1	1	1	1	1	1	1	1	1	1	1	1	1	1	1	1	1
the bicycle crashed .	1	1	1	1	1	1	1	1	1	1	1	1	1	1	1	1	1	1	1	1	1
nicole crashed the truck .	1	1	1	1	1	1	1	1	1	1	1	1	1	1	1	1	1	1	1	1	1
the truck crashed .	1	1	1	1	1	1	1	1	1	1	1	1	1	1	1	1	1	1	1	1	1
jessica crashed the boat .	1	0	1	1	1	1	1	1	1	1	1	1	1	1	1	1	1	1	1	1	1
the boat crashed .	1	1	1	1	1	1	1	1	1	1	1	1	1	1	1	1	1	1	1	1	1
michael crashed the ship .	1	1	1	1	1	1	1	1	1	1	1	1	1	1	1	1	1	1	1	1	1
the ship crashed .	1	1	1	1	1	1	1	1	1	1	1	1	1	1	1	1	1	1	1	1	1
rebecca crashed the plane .	1	1	1	1	1	1	1	1	1	1	1	1	1	1	1	1	1	1	1	1	1
the plane crashed .	1	1	1	1	1	1	1	1	1	1	1	1	1	1	1	1	1	1	1	1	1
james crashed the cart .	1	1	1	1	1	1	1	1	1	1	1	1	1	1	1	1	1	1	1	1	1
the cart crashed .	1	1	1	1	1	1	1	1	1	1	1	1	1	1	1	1	1	1	1	1	1
kelly stopped the car .	1	1	1	1	1	1	1	1	1	1	1	1	1	1	1	1	1	1	1	1	1
the car stopped .	1	1	1	1	1	1	1	1	1	1	1	1	1	1	1	1	1	1	1	1	1
michael stopped the bicycle .	1	1	1	1	1	1	1	1	1	1	1	1	1	1	1	1	1	1	1	1	1
the bicycle stopped .	1	1	1	1	1	1	1	1	1	1	1	1	1	1	1	1	1	1	1	1	1
rebecca stopped the truck .	1	1	1	1	1	1	1	1	1	1	1	0	1	1	1	0	0	1	1	1	1
the truck stopped .	1	1	1	1	1	1	1	1	1	1	1	1	1	1	1	1	1	1	1	1	1
jason stopped the boat .	1	0	1	1	1	1	1	1	1	0	0	1	0	1	1	0	0	1	1	1	1
the boat stopped .	1	1	1	1	1	1	1	1	1	1	1	1	1	1	1	1	1	1	1	1	1
jason stopped the ship .	1	1	1	1	1	1	1	1	1	1	1	1	1	1	1	1	1	1	1	1	1
the ship stopped .	1	1	1	1	1	1	1	1	1	1	1	1	1	1	1	1	1	1	1	1	1
james stopped the plane .	1	1	1	1	1	1	1	1	1	1	1	1	1	1	1	1	1	1	1	1	1
the plane stopped .	1	1	1	1	1	1	1	1	1	1	1	1	1	1	1	1	1	1	1	1	1
michael stopped the cart .	1	1	1	1	1	1	1	1	1	1	1	1	1	1	1	1	1	1	1	1	1
the cart stopped .	1	1	1	1	1	1	1	1	1	1	1	1	1	1	1	1	1	1	1	1	1
david slowed the car .	1	1	1	1	1	1	1	1	1	1	1	1	1	1	1	1	1	1	1	1	1
the car slowed .	1	1	1	1	1	1	1	1	1	1	1	1	1	1	1	1	1	1	1	1	1
jessica slowed the bicycle .	1	1	1	1	1	1	1	1	1	1	1	1	1	1	1	1	1	1	1	1	1
the bicycle slowed .	1	1	1	1	1	1	1	1	1	1	0	0	0	1	1	0	0	1	0	0	1
kelly slowed the truck .	1	1	1	1	1	1	1	1	1	1	1	1	1	1	1	1	1	1	1	1	1
the truck slowed .	1	1	1	1	1	1	1	1	1	1	1	1	1	1	1	1	1	1	1	1	1
jason slowed the boat .	1	1	1	1	1	1	1	1	1	1	1	1	1	1	1	1	1	1	1	1	1
the boat slowed .	1	1	1	1	1	1	1	1	1	1	1	1	1	1	1	1	1	1	1	1	1
christopher slowed the ship .	1	1	1	1	1	1	1	1	1	1	1	1	1	1	1	1	1	1	1	1	1
the ship slowed .	1	1	1	1	1	1	1	1	1	1	1	1	1	1	1	1	1	1	1	1	1
christopher slowed the plane .	1	1	1	1	1	1	1	1	1	1	1	1	1	1	1	1	1	1	1	1	1
the plane slowed .	1	1	1	1	1	1	1	1	1	1	1	1	1	1	1	1	1	1	1	1	1
christopher slowed the cart .	1	1	1	1	1	1	1	1	1	1	1	1	1	1	1	1	1	1	1	1	1
the cart slowed .	1	1	1	1	1	1	1	1	1	1	1	1	1	1	1	1	1	1	1	1	1
nicole accelerated the car .	1	1	1	1	1	1	1	1	1	1	1	1	1	1	1	1	1	1	1	1	1
the car accelerated .	1	1	1	1	1	1	1	1	1	1	1	1	1	1	1	1	1	1	1	1	1
rebecca accelerated the bicycle .	1	1	1	1	1	1	1	1	1	1	1	0	0	1	1	0	0	1	1	1	1
the bicycle accelerated .	1	1	0	0	0	0	0	0	0	0	0	0	0	0	0	0	0	0	0	0	0
james accelerated the truck .	1	1	1	1	1	1	1	1	1	1	1	1	1	1	1	1	1	1	1	1	1
the truck accelerated .	1	1	1	1	1	1	1	1	1	1	1	1	1	1	1	1	1	1	1	1	1
elizabeth accelerated the boat .	1	1	1	1	1	1	1	1	1	1	1	1	1	1	1	1	1	1	1	1	1
the boat accelerated .	1	1	1	1	1	1	1	1	1	1	1	1	1	1	1	1	1	1	1	1	1
elizabeth accelerated the ship .	1	1	1	1	1	1	1	1	1	1	1	1	1	1	1	1	1	1	1	1	1
the ship accelerated .	1	0	1	1	1	1	1	1	1	1	1	1	1	1	1	1	1	1	1	1	1
nicole accelerated the plane .	1	1	1	1	1	1	1	1	1	1	1	1	1	1	1	1	1	1	1	1	1
the plane accelerated .	1	0	1	1	1	1	1	1	1	0	0	1	0	1	1	1	0	1	1	1	1
nicole accelerated the cart .	1	1	1	1	1	1	1	1	1	1	1	1	1	1	1	1	1	1	1	1	1
the cart accelerated .	1	1	1	1	1	1	1	1	1	1	1	0	1	1	1	1	1	1	1	1	1
michael melted the ice .	1	1	1	1	1	1	1	1	1	1	1	1	1	1	1	1	1	1	1	1	1
the ice melted .	1	1	1	1	1	1	1	1	1	1	1	1	1	1	1	1	1	1	1	1	1
christopher melted the chocolate .	1	1	1	1	1	1	1	1	1	1	1	1	1	1	1	1	1	1	1	1	1
the chocolate melted .	1	0	0	0	0	0	0	0	0	0	0	0	0	0	0	0	0	0	0	0	0
michael melted the plastic .	1	1	1	1	1	1	1	1	1	1	1	1	1	1	1	1	1	1	1	1	1
the plastic melted .	1	0	0	0	0	0	0	0	0	0	0	0	0	0	0	0	0	0	0	0	0
michael melted the ice cream .	1	0	1	1	1	1	1	1	1	0	0	0	0	1	1	0	0	1	1	1	1
the ice cream melted .	1	1	1	1	1	1	1	1	1	1	1	1	1	1	1	1	1	1	1	1	1
david melted the popsicle .	1	1	1	1	1	1	0	1	1	0	0	0	0	1	1	0	0	1	1	0	1
the popsicle melted .	1	0	0	0	0	0	0	0	0	0	0	0	0	0	0	0	0	0	0	0	0
kelly bounced the ball .	1	1	1	1	1	1	1	1	1	1	1	1	1	1	1	1	1	1	1	1	1
the ball bounced .	1	0	1	1	1	1	1	1	1	1	1	1	1	1	1	1	1	1	1	1	1
nicole bounced the balloon .	1	1	1	1	1	1	1	1	1	1	1	1	1	1	1	1	1	1	1	1	1
the balloon bounced .	1	1	1	1	1	1	1	1	1	1	1	1	1	1	1	1	1	1	1	1	1
david turned the sculpture .	1	1	1	1	1	1	1	1	1	1	1	1	1	1	1	1	1	1	1	1	1
the sculpture turned .	1	1	1	1	1	1	1	1	1	1	1	1	1	1	1	1	1	1	1	1	1
michael turned the sofa .	1	1	1	1	1	1	1	1	1	1	1	1	1	1	1	1	1	1	1	1	1
the sofa turned .	1	1	1	1	1	1	1	1	1	1	1	1	1	1	1	1	1	1	1	1	1
christopher turned the image .	1	1	1	1	1	1	1	1	1	1	1	1	1	1	1	1	1	1	1	1	1
the image turned .	1	1	0	0	0	0	0	0	0	0	0	0	0	0	0	0	0	0	0	0	0
elizabeth condensed the alcohol .	1	1	1	1	1	1	1	1	1	1	0	0	0	1	1	0	0	1	1	1	1
the alcohol condensed .	1	0	0	0	0	0	0	0	0	0	0	0	0	0	0	0	0	0	0	0	0
david condensed the water .	1	1	1	1	1	1	1	1	1	1	1	1	1	1	1	1	1	1	1	1	1
the water condensed .	1	0	0	1	0	1	0	1	0	0	0	0	0	1	1	0	0	1	1	0	1
rebecca condensed the solution .	1	1	1	1	1	1	1	1	1	1	1	1	1	1	1	1	1	1	1	1	1
the solution condensed .	1	0	0	0	0	0	0	0	0	0	0	0	0	0	0	0	0	0	0	0	0
christopher folded the paper .	1	1	1	1	1	1	1	1	1	1	1	1	1	1	1	1	1	1	1	1	1
the paper folded .	1	1	1	1	1	1	1	1	1	1	1	1	1	1	1	1	1	1	1	1	1
nicole folded the sheet .	1	1	1	1	1	1	1	1	1	1	1	1	1	1	1	1	1	1	1	1	1
the sheet folded .	1	1	1	1	1	1	1	1	1	1	1	1	1	1	1	1	1	1	1	1	1
kelly folded the poster .	1	1	1	1	1	1	1	1	1	1	1	1	1	1	1	1	1	1	1	1	1
the poster folded .	1	1	1	1	1	1	1	1	1	1	1	1	1	1	1	1	1	1	1	1	1
david folded the leaf .	1	1	1	1	1	1	1	1	1	1	1	1	1	1	1	1	1	1	1	1	1
the leaf folded .	1	1	1	1	1	1	1	1	1	1	1	1	1	1	1	1	1	1	1	1	1
kelly folded the foil .	1	1	1	1	1	1	1	1	1	1	1	1	1	1	1	1	1	1	1	1	1
the foil folded .	1	0	0	0	0	0	0	0	0	0	0	0	0	0	0	0	0	0	0	0	0
michael wrinkled the paper .	1	1	1	1	1	1	1	1	1	1	1	1	1	1	1	1	1	1	1	1	1
the paper wrinkled .	1	0	0	0	0	0	0	0	0	0	0	0	0	0	0	0	0	0	0	0	0
rebecca wrinkled the sheet .	1	1	1	1	1	1	1	1	1	1	1	1	1	1	1	1	1	1	1	1	1
the sheet wrinkled .	1	0	0	0	0	0	0	0	0	0	0	0	0	0	0	0	0	0	0	0	0
david wrinkled the poster .	1	1	1	1	1	1	1	1	1	1	1	1	1	1	1	1	1	1	1	1	1
the poster wrinkled .	1	0	0	0	0	0	0	1	0	0	0	0	0	0	0	0	0	0	0	0	0
nicole wrinkled the leaf .	1	1	1	1	1	1	1	1	1	1	1	1	1	1	1	1	1	1	1	1	1
the leaf wrinkled .	1	0	0	0	0	0	0	0	0	0	0	0	0	0	0	0	0	0	0	0	0
nicole wrinkled the foil .	1	1	1	1	1	1	1	1	1	1	1	1	1	1	1	1	1	1	1	1	1
the foil wrinkled .	1	0	0	0	0	0	0	0	0	0	0	0	0	0	0	0	0	0	0	0	0
david crumpled the paper .	1	1	1	1	1	1	1	1	1	1	1	1	1	1	1	1	1	1	1	1	1
the paper crumpled .	1	1	0	1	0	0	0	0	0	1	1	0	1	0	1	1	1	1	0	0	0
jessica crumpled the sheet .	1	1	1	1	1	1	1	1	1	1	1	1	1	1	1	1	1	1	1	1	1
the sheet crumpled .	1	1	1	1	1	1	1	1	1	1	1	1	1	1	1	1	1	1	1	1	1
james crumpled the poster .	1	1	1	1	1	1	1	1	1	1	1	1	1	1	1	1	1	1	1	1	1
the poster crumpled .	1	1	1	1	1	1	1	1	1	1	1	1	1	1	1	1	1	1	1	1	1
james crumpled the leaf .	1	1	1	1	1	1	1	1	1	1	1	1	1	1	1	1	1	1	1	1	1
the leaf crumpled .	1	0	0	0	0	0	0	0	0	0	0	0	0	0	0	0	0	0	0	0	0
jessica crumpled the foil .	1	1	1	1	1	1	1	1	1	1	1	1	1	1	1	1	1	1	1	1	1
the foil crumpled .	1	0	0	0	0	0	0	0	0	0	0	0	0	0	0	0	0	0	0	0	0
michael frayed the paper .	1	1	1	1	1	1	1	1	1	1	1	1	1	1	1	1	1	1	1	1	1
the paper frayed .	1	0	0	0	0	0	0	0	0	0	0	0	0	0	0	0	0	0	0	0	0
david frayed the sheet .	1	1	1	1	1	1	1	1	1	1	1	1	1	1	1	1	1	1	1	1	1
the sheet frayed .	1	0	0	0	0	0	0	0	0	0	0	0	0	0	0	0	0	0	0	0	0
elizabeth frayed the poster .	1	1	1	1	1	1	1	1	1	1	1	1	1	1	1	1	1	1	1	1	1
the poster frayed .	1	0	0	0	0	0	0	0	0	0	0	0	0	0	0	0	0	0	0	0	0
james frayed the leaf .	1	1	1	1	1	1	1	1	1	1	1	1	1	1	1	1	1	1	1	1	1
the leaf frayed .	1	0	0	0	0	0	0	0	0	0	0	0	0	0	0	0	0	0	0	0	0
james frayed the foil .	1	1	1	1	1	1	1	1	1	1	1	1	1	1	1	1	1	1	1	1	1
the foil frayed .	1	0	0	0	0	0	0	0	0	0	0	0	0	0	0	0	0	0	0	0	0
christopher stretched the paper .	1	1	1	1	1	1	1	1	1	1	1	1	1	1	1	1	1	1	1	1	1
the paper stretched .	1	0	0	0	0	0	0	0	0	0	0	0	0	0	0	0	0	0	0	0	0
rebecca stretched the sheet .	1	1	1	1	1	1	1	1	1	1	1	1	1	1	1	1	1	1	1	1	1
the sheet stretched .	1	0	0	1	0	0	0	1	0	0	0	0	0	0	0	0	0	0	1	0	0
james stretched the poster .	1	1	1	1	1	1	1	1	1	1	1	1	1	1	1	1	1	1	1	1	1
the poster stretched .	1	1	1	1	1	1	1	1	1	1	1	1	1	1	1	1	1	1	1	1	1
kelly stretched the leaf .	1	1	1	1	1	1	1	1	1	1	1	1	1	1	1	1	1	1	1	1	1
the leaf stretched .	1	1	1	1	1	1	1	1	1	1	1	1	1	1	1	1	1	1	1	1	1
david stretched the foil .	1	1	1	1	1	1	1	1	1	1	1	1	1	1	1	1	1	1	1	1	1
the foil stretched .	1	0	0	0	0	0	0	0	0	0	0	0	0	0	0	0	0	0	0	0	0
christopher unfolded the paper .	1	1	1	1	1	1	1	1	1	1	1	1	1	1	1	1	1	1	1	1	1
the paper unfolded .	1	1	1	1	1	1	1	1	1	1	1	1	1	1	1	1	1	1	1	1	1
david unfolded the sheet .	1	1	1	1	1	1	1	1	1	1	1	1	1	1	1	1	1	1	1	1	1
the sheet unfolded .	1	1	1	1	1	1	1	1	1	1	1	1	1	1	1	1	1	1	1	1	1
michael unfolded the poster .	1	1	1	1	1	1	1	1	1	1	1	1	1	1	1	1	1	1	1	1	1
the poster unfolded .	1	1	1	1	1	1	1	1	1	1	1	1	1	1	1	1	1	1	1	1	1
michael unfolded the leaf .	1	1	1	1	1	1	1	1	1	1	1	1	1	1	1	1	1	1	1	1	1
the leaf unfolded .	1	1	1	1	1	1	1	1	1	1	1	1	1	1	1	1	1	1	1	1	1
elizabeth unfolded the foil .	1	1	1	1	1	1	1	1	1	1	1	1	1	1	1	1	1	1	1	1	1
the foil unfolded .	1	1	1	1	1	1	1	1	1	1	1	1	1	1	1	1	1	1	1	1	1
christopher flattened the paper .	1	1	1	1	1	1	1	1	1	1	1	1	1	1	1	1	1	1	1	1	1
the paper flattened .	1	0	0	0	0	0	0	0	0	0	0	0	0	0	0	0	0	0	0	0	0
jason flattened the sheet .	1	1	1	1	1	1	1	1	1	1	1	1	1	1	1	1	1	1	1	1	1
the sheet flattened .	1	0	0	0	0	0	0	0	0	0	0	0	0	0	0	0	0	0	0	0	0
david flattened the poster .	1	1	1	1	1	1	1	1	1	1	1	1	1	1	1	1	1	1	1	1	1
the poster flattened .	1	1	1	1	1	1	1	1	1	1	1	1	1	1	1	1	1	1	1	1	1
kelly flattened the leaf .	1	1	1	1	1	1	1	1	1	1	1	1	1	1	1	1	1	1	1	1	1
the leaf flattened .	1	0	0	1	0	1	1	1	0	0	0	0	0	0	1	0	0	1	0	0	0
kelly flattened the foil .	1	1	1	1	1	1	1	1	1	1	1	1	1	1	1	1	1	1	1	1	1
the foil flattened .	1	0	0	0	0	0	0	0	0	0	0	0	0	0	0	0	0	0	0	0	0
david smoothed the paper .	1	1	1	1	1	1	1	1	1	1	1	1	1	1	1	1	1	1	1	1	1
the paper smoothed .	1	0	0	0	0	0	0	1	0	0	0	0	0	0	1	0	0	0	0	0	0
jason smoothed the sheet .	1	1	1	1	1	1	1	1	1	1	1	0	1	1	1	1	1	1	1	1	1
the sheet smoothed .	1	0	0	0	0	0	0	1	0	0	0	0	0	0	0	0	0	0	0	0	0
rebecca smoothed the poster .	1	1	1	1	1	1	1	1	1	1	1	1	1	1	1	1	1	1	1	1	1
the poster smoothed .	1	0	1	1	1	1	1	1	1	0	0	0	0	1	1	0	0	1	1	1	1
jason smoothed the leaf .	1	1	1	1	1	1	1	1	1	1	1	1	1	1	1	1	1	1	1	1	1
the leaf smoothed .	1	0	0	1	1	1	0	1	0	0	0	0	0	0	0	0	0	1	1	0	0
david smoothed the foil .	1	1	1	1	1	1	1	1	1	1	1	1	1	1	1	1	1	1	1	1	1
the foil smoothed .	1	0	0	0	0	0	0	0	0	0	0	0	0	0	0	0	0	0	0	0	0
james darkened the lights .	1	1	1	1	1	1	1	1	1	1	1	1	1	1	1	1	1	1	1	1	1
the lights darkened .	1	1	1	1	1	1	1	1	1	1	1	1	1	1	1	1	1	1	1	1	1
james darkened the room .	1	1	1	1	1	1	1	1	1	1	1	1	1	1	1	1	1	1	1	1	1
the room darkened .	1	1	0	0	0	1	1	1	0	1	0	0	1	0	0	1	1	1	1	0	1
james darkened the image .	1	1	1	1	1	1	1	1	1	1	1	1	1	1	1	1	1	1	1	1	1
the image darkened .	1	1	1	1	1	1	1	1	1	1	1	1	1	1	1	1	1	1	1	1	1
rebecca darkened the picture .	1	1	1	1	1	1	1	1	1	1	1	1	1	1	1	1	1	1	1	1	1
the picture darkened .	1	1	1	1	1	1	1	1	1	1	1	1	1	1	1	1	1	1	1	1	1
michael brightened the lights .	1	1	1	1	1	1	1	1	1	1	1	1	1	1	1	1	1	1	1	1	1
the lights brightened .	1	1	1	1	1	1	1	1	1	1	1	1	1	1	1	1	1	1	1	1	1
michael brightened the room .	1	1	1	1	1	1	1	1	1	1	1	1	1	1	1	1	1	1	1	1	1
the room brightened .	1	1	1	1	1	1	1	1	1	1	1	1	1	1	1	1	1	1	1	1	1
james brightened the image .	1	1	1	1	1	1	1	1	1	1	1	1	1	1	1	1	1	1	1	1	1
the image brightened .	1	1	1	1	1	1	1	1	1	1	1	1	1	1	1	1	1	1	1	1	1
james brightened the picture .	1	1	1	1	1	1	1	1	1	1	1	1	1	1	1	1	1	1	1	1	1
the picture brightened .	1	1	1	1	1	1	1	1	1	1	1	1	1	1	1	1	1	1	1	1	1
rebecca dimmed the lights .	1	1	1	1	1	1	1	1	1	1	1	1	1	1	1	1	1	1	1	1	1
the lights dimmed .	1	1	1	1	1	1	1	1	1	1	1	1	1	1	1	1	1	1	1	1	1
elizabeth dimmed the room .	1	1	1	1	1	1	1	1	1	1	1	1	1	1	1	1	1	1	1	1	1
the room dimmed .	1	1	1	1	1	1	1	1	1	1	1	1	1	1	1	1	1	1	1	1	1
david dimmed the image .	1	1	1	1	1	1	1	1	1	1	1	1	1	1	1	1	1	1	1	1	1
the image dimmed .	1	1	1	1	1	1	1	1	1	1	1	1	1	1	1	1	1	1	1	1	1
rebecca dimmed the picture .	1	1	1	1	1	1	1	1	1	1	1	1	1	1	1	1	1	1	1	1	1
the picture dimmed .	1	1	1	1	1	1	1	1	1	1	1	1	1	1	1	1	1	1	1	1	1
jason loosened the knot .	1	1	1	1	1	1	1	1	1	1	1	1	1	1	1	1	1	1	1	1	1
the knot loosened .	1	1	1	1	1	1	1	1	1	1	1	1	1	1	1	1	1	1	1	1	1
jason loosened the belt .	1	1	1	1	1	1	1	1	1	1	1	1	1	1	1	1	1	1	1	1	1
the belt loosened .	1	1	1	1	1	1	1	1	1	1	1	1	1	1	1	1	1	1	1	1	1
david loosened the grip .	1	1	1	1	1	1	1	1	1	1	1	1	1	1	1	1	1	1	1	1	1
the grip loosened .	1	1	1	1	1	1	1	1	1	1	1	1	1	1	1	1	1	1	1	1	1
rebecca tightened the knot .	1	1	1	1	1	1	1	1	1	1	1	1	1	1	1	1	1	1	1	1	1
the knot tightened .	1	1	1	1	1	1	1	1	1	1	1	1	1	1	1	1	1	1	1	1	1
christopher tightened the belt .	1	1	1	1	1	1	1	1	1	1	1	1	1	1	1	1	1	1	1	1	1
the belt tightened .	1	1	1	1	1	1	1	1	1	1	1	1	1	1	1	1	1	1	1	1	1
rebecca tightened the grip .	1	1	1	1	1	1	1	1	1	1	1	1	1	1	1	1	1	1	1	1	1
the grip tightened .	1	1	1	1	1	1	1	1	1	1	1	1	1	1	1	1	1	1	1	1	1
elizabeth dried the cloth .	1	1	1	1	1	1	1	1	1	1	1	1	1	1	1	1	1	1	1	1	1
the cloth dried .	1	1	1	1	1	1	1	1	1	0	0	0	0	1	1	0	0	1	1	1	1
rebecca dried the clothes .	1	1	1	1	1	1	1	1	1	1	1	1	1	1	1	1	1	1	1	1	1
the clothes dried .	1	0	0	0	0	0	0	0	0	0	0	0	0	0	0	0	0	0	0	0	0
david dried the plant .	1	0	1	1	1	1	1	1	1	0	1	0	0	1	1	0	0	1	1	1	1
the plant dried .	1	0	0	0	0	0	0	0	0	0	0	0	0	0	0	0	0	0	0	0	0
nicole dried the grass .	1	1	1	1	1	1	1	1	1	1	1	1	1	1	1	1	1	1	1	1	1
the grass dried .	1	0	0	0	0	0	0	0	0	0	0	0	0	0	0	0	0	0	0	0	0
michael dampened the cloth .	1	1	1	1	1	1	1	1	1	1	1	1	1	1	1	1	1	1	1	1	1
the cloth dampened .	1	0	0	0	0	0	0	0	0	0	0	0	0	0	0	0	0	0	0	0	0
elizabeth dampened the clothes .	1	1	1	1	1	1	1	1	1	1	1	1	1	1	1	1	1	1	1	1	1
the clothes dampened .	1	0	0	0	0	0	0	0	0	0	0	0	0	0	0	0	0	0	0	0	0
nicole dampened the plant .	1	1	1	1	1	1	1	1	1	1	1	1	1	1	1	1	1	1	1	1	1
the plant dampened .	1	0	0	0	0	0	0	0	0	0	0	0	0	0	0	0	0	0	0	0	0
rebecca dampened the grass .	1	1	1	1	1	1	1	1	1	1	1	1	1	1	1	1	1	1	1	1	1
the grass dampened .	1	1	1	1	1	1	1	1	1	1	1	0	1	1	1	1	1	1	1	1	1
jason destroyed the evidence .	1	1	1	1	1	1	1	1	1	1	1	1	1	1	1	1	1	1	1	1	1
the evidence destroyed .	0	0	0	0	0	0	0	0	0	0	0	0	0	0	0	0	0	0	0	0	0
david harvested the crops .	1	1	1	1	1	1	1	1	1	0	0	0	0	1	1	0	0	1	1	1	1
the crops harvested .	0	0	0	1	0	1	0	1	0	0	0	0	0	0	0	0	0	1	1	0	0
rebecca harvested the tomatoes .	1	1	1	1	1	1	1	1	1	1	1	1	1	1	1	1	1	1	1	1	1
the tomatoes harvested .	0	0	0	0	0	0	0	0	0	0	0	0	0	0	0	0	0	0	0	0	0
rebecca harvested the oranges .	1	1	1	1	1	1	1	1	1	1	1	1	1	1	1	1	1	1	1	1	1
the oranges harvested .	0	0	1	1	1	1	1	1	1	0	0	0	0	1	0	0	0	1	0	0	0
nicole cut the apple .	1	1	1	1	1	1	1	1	1	1	1	1	1	1	1	1	1	1	1	1	1
the apple cut .	0	0	0	0	0	0	0	0	0	0	0	0	0	0	0	0	0	0	0	0	0
nicole cut the onion .	1	1	1	1	1	1	1	1	1	1	1	1	1	1	1	1	1	1	1	1	1
the onion cut .	0	0	1	1	1	0	0	1	1	0	0	0	0	1	0	0	0	1	1	1	1
kelly cut the garlic .	1	1	1	1	1	1	1	1	1	1	1	1	1	1	1	1	1	1	1	1	1
the garlic cut .	0	1	1	1	1	1	1	1	1	1	0	0	1	1	1	1	1	1	1	1	1
kelly cut the tomato .	1	1	1	1	1	1	1	1	1	1	1	1	1	1	1	1	1	1	1	1	1
the tomato cut .	0	0	0	0	0	0	0	0	0	0	0	0	0	0	0	0	0	0	0	0	0
kelly chopped the apple .	1	0	0	0	0	0	0	0	0	0	0	0	0	0	0	0	0	0	0	0	0
the apple chopped .	0	0	0	0	0	0	0	0	0	0	0	0	0	0	0	0	0	0	0	0	0
christopher chopped the onion .	1	1	1	1	1	1	1	1	1	1	1	1	1	1	1	1	1	1	1	1	1
the onion chopped .	0	0	0	0	0	0	0	0	0	0	0	0	0	0	0	0	0	0	0	0	0
michael chopped the garlic .	1	1	1	1	1	1	1	1	1	1	1	1	1	1	1	1	1	1	1	1	1
the garlic chopped .	0	0	0	0	0	0	0	0	0	0	0	0	0	0	0	0	0	0	0	0	0
jason chopped the tomato .	1	0	1	1	1	1	0	1	1	0	0	0	0	1	0	0	0	1	1	0	1
the tomato chopped .	0	0	0	0	0	0	0	0	0	0	0	0	0	0	0	0	0	0	0	0	0
elizabeth peeled the apple .	1	1	1	1	1	1	1	1	1	1	1	1	1	1	1	1	1	1	1	1	1
the apple peeled .	0	0	0	0	0	0	0	0	0	0	0	0	0	0	0	0	0	0	0	0	0
nicole peeled the onion .	1	1	1	1	1	1	1	1	1	1	1	1	1	1	1	1	1	1	1	1	1
the onion peeled .	0	0	0	0	0	0	0	0	0	0	0	0	0	0	0	0	0	0	0	0	0
nicole peeled the garlic .	1	0	1	1	1	1	1	1	1	0	0	0	0	1	1	0	0	1	1	1	1
the garlic peeled .	0	0	0	0	0	0	0	0	0	0	0	0	0	0	0	0	0	0	0	0	0
michael peeled the tomato .	1	1	1	1	1	1	1	1	1	1	1	1	1	1	1	1	1	1	1	1	1
the tomato peeled .	0	0	0	0	0	0	0	0	0	0	0	0	0	0	0	0	0	0	0	0	0
david minced the apple .	1	0	0	0	0	0	0	0	0	0	0	0	0	0	0	0	0	0	0	0	0
the apple minced .	0	0	0	0	0	0	0	0	0	0	0	0	0	0	0	0	0	0	0	0	0
jason minced the onion .	1	0	1	1	1	1	1	1	1	0	0	0	0	1	1	0	0	1	1	1	1
the onion minced .	0	0	0	0	0	0	0	0	0	0	0	0	0	0	0	0	0	0	0	0	0
nicole minced the garlic .	1	0	0	0	0	0	0	0	0	0	0	0	0	0	0	0	0	0	0	0	0
the garlic minced .	0	0	0	0	0	0	0	0	0	0	0	0	0	0	0	0	0	0	0	0	0
jason minced the tomato .	1	0	0	0	0	0	0	0	0	0	0	0	0	0	0	0	0	0	0	0	0
the tomato minced .	0	0	0	0	0	0	0	0	0	0	0	0	0	0	0	0	0	0	0	0	0
jessica deposited the cash .	1	1	1	1	1	1	1	1	1	1	1	1	1	1	1	1	1	1	1	1	1
the cash deposited .	0	0	0	0	0	0	0	0	0	0	0	0	0	0	0	0	0	0	0	0	0
jessica deposited the money .	1	1	1	1	1	1	1	1	1	1	1	1	1	1	1	1	1	1	1	1	1
the money deposited .	0	0	0	0	0	0	0	0	0	0	0	0	0	0	0	0	0	0	0	0	0
james deposited the funds .	1	1	1	1	1	1	1	1	1	1	1	1	1	1	1	1	1	1	1	1	1
the funds deposited .	0	1	1	1	1	1	1	1	1	1	1	0	1	1	1	1	1	1	1	1	1
kelly withdrew the cash .	1	1	1	1	1	1	1	1	1	1	1	1	1	1	1	1	1	1	1	1	1
the cash withdrew .	0	1	1	1	1	1	1	1	1	1	1	1	1	1	1	1	1	1	1	1	1
jason withdrew the money .	1	1	1	1	1	1	1	1	1	1	1	1	1	1	1	1	1	1	1	1	1
the money withdrew .	0	1	1	1	1	1	1	1	1	1	1	1	1	1	1	1	1	1	1	1	1
jessica withdrew the funds .	1	1	1	1	1	1	1	1	1	1	1	1	1	1	1	1	1	1	1	1	1
the funds withdrew .	0	1	1	1	1	1	1	1	1	1	1	1	1	1	1	1	1	1	1	1	1
james saved the cash .	1	1	1	1	1	1	1	1	1	1	1	1	1	1	1	1	1	1	1	1	1
the cash saved .	0	1	0	0	0	0	0	1	0	0	0	0	0	0	0	0	0	0	0	0	0
jessica saved the money .	1	1	1	1	1	1	1	1	1	1	1	1	1	1	1	1	1	1	1	1	1
the money saved .	0	1	1	1	1	1	0	1	1	0	0	0	0	1	1	0	0	1	1	0	1
jason saved the funds .	1	1	1	1	1	1	1	1	1	1	1	1	1	1	1	1	1	1	1	1	1
the funds saved .	0	1	1	1	1	1	1	1	1	1	1	1	1	1	1	1	1	1	1	1	1
nicole collected the cash .	1	1	1	1	1	1	1	1	1	1	1	1	1	1	1	1	1	1	1	1	1
the cash collected .	0	1	1	1	1	1	1	1	1	1	1	0	1	1	1	1	1	1	1	1	1
michael collected the money .	1	1	1	1	1	1	1	1	1	1	1	1	1	1	1	1	1	1	1	1	1
the money collected .	0	1	1	1	1	1	1	1	1	1	0	0	1	0	1	1	0	1	1	0	1
rebecca collected the funds .	1	1	1	1	1	1	1	1	1	1	1	1	1	1	1	1	1	1	1	1	1
the funds collected .	0	1	1	1	1	1	1	1	1	1	1	1	1	1	1	1	1	1	1	1	1
rebecca recounted the story .	1	1	1	1	1	1	1	1	1	1	1	1	1	1	1	1	1	1	1	1	1
the story recounted .	0	0	0	0	0	0	0	0	0	0	0	0	0	0	0	0	0	0	0	0	0
elizabeth recounted the book .	1	1	1	1	1	1	1	1	1	1	1	1	1	1	1	1	1	1	1	1	1
the book recounted .	0	0	0	0	0	0	0	0	0	0	0	0	0	0	0	0	0	0	0	0	0
christopher recounted the anecdote .	1	1	1	1	1	1	1	1	1	1	1	1	1	1	1	1	1	1	1	1	1
the anecdote recounted .	0	1	1	1	1	1	1	1	1	1	1	1	1	1	1	1	1	1	1	1	1
rebecca recounted the article .	1	1	1	1	1	1	1	1	1	1	1	1	1	1	1	1	1	1	1	1	1
the article recounted .	0	1	1	1	1	1	1	1	1	1	1	1	1	1	1	1	1	1	1	1	1
jason recounted the chapter .	1	1	1	1	1	1	1	1	1	1	1	1	1	1	1	1	1	1	1	1	1
the chapter recounted .	0	0	0	0	0	0	0	0	0	0	0	0	0	0	0	0	0	0	0	0	0
rebecca recounted the letter .	1	1	1	1	1	1	1	1	1	1	1	1	1	1	1	1	1	1	1	1	1
the letter recounted .	0	0	0	0	0	0	0	0	0	0	0	0	0	0	0	0	0	0	0	0	0
kelly wrote the story .	1	1	1	1	1	1	1	1	1	1	1	1	1	1	1	1	1	1	1	1	1
the story wrote .	0	1	0	0	0	0	0	0	0	0	0	0	0	0	0	0	0	0	0	0	0
christopher wrote the book .	1	1	1	1	1	1	1	1	1	1	1	1	1	1	1	1	1	1	1	1	1
the book wrote .	0	1	1	1	1	1	1	1	1	1	1	1	1	1	1	1	1	1	1	1	1
christopher wrote the anecdote .	1	1	1	1	1	1	1	1	1	1	1	1	1	1	1	1	1	1	1	1	1
the anecdote wrote .	0	1	1	1	1	1	1	1	0	1	1	1	1	1	1	1	1	1	1	1	1
jason wrote the article .	1	1	1	1	1	1	1	1	1	1	1	1	1	1	1	1	1	1	1	1	1
the article wrote .	0	1	0	0	0	0	0	0	0	0	0	0	0	0	0	0	1	0	0	0	0
elizabeth wrote the chapter .	1	1	1	1	1	1	1	1	1	1	1	1	1	1	1	1	1	1	1	1	1
the chapter wrote .	0	1	0	0	0	0	0	0	0	0	1	0	1	0	0	0	1	0	0	0	0
kelly wrote the letter .	1	1	1	1	1	1	1	1	1	1	1	1	1	1	1	1	1	1	1	1	1
the letter wrote .	0	0	0	0	0	0	0	0	0	0	0	0	0	0	0	0	0	0	0	0	0
jason read the story .	1	1	1	1	1	1	1	1	1	1	1	1	1	1	1	1	1	1	1	1	1
the story read .	0	1	0	0	0	0	0	0	0	0	0	0	1	0	0	0	1	0	0	0	0
kelly read the book .	1	1	1	1	1	1	1	1	1	1	1	1	1	1	1	1	1	1	1	1	1
the book read .	0	0	0	0	0	0	0	0	0	0	0	0	0	0	0	0	0	0	0	0	0
david read the anecdote .	1	1	1	1	1	1	1	1	1	1	1	1	1	1	1	1	1	1	1	1	1
the anecdote read .	0	1	1	1	1	1	1	1	1	1	1	1	1	1	1	1	1	1	1	1	1
jason read the article .	1	1	1	1	1	1	1	1	1	1	1	1	1	1	1	1	1	1	1	1	1
the article read .	0	1	0	0	0	0	0	0	0	0	0	0	0	0	0	1	1	0	0	0	0
elizabeth read the chapter .	1	1	1	1	1	1	1	1	1	1	1	1	1	1	1	1	1	1	1	1	1
the chapter read .	0	1	1	1	1	1	1	1	1	1	1	1	1	1	1	1	1	1	1	1	1
jason read the letter .	1	1	1	1	1	1	1	1	1	1	1	1	1	1	1	1	1	1	1	1	1
the letter read .	0	0	0	0	0	0	0	0	0	0	0	0	0	0	0	0	0	0	0	0	0
elizabeth edited the story .	1	1	1	1	1	1	1	1	1	1	1	1	1	1	1	1	1	1	1	1	1
the story edited .	0	0	0	0	0	0	0	0	0	0	0	0	0	0	0	0	0	0	0	0	0
jessica edited the book .	1	1	1	1	1	1	1	1	1	1	1	1	1	1	1	1	1	1	1	1	1
the book edited .	0	0	0	0	0	0	0	0	0	0	0	0	0	0	0	0	0	0	0	0	0
jason edited the anecdote .	1	1	1	1	1	1	1	1	1	1	1	1	1	1	1	1	1	1	1	1	1
the anecdote edited .	0	1	1	1	1	0	1	1	0	1	1	1	1	0	1	1	1	1	1	1	1
jason edited the article .	1	1	1	1	1	1	1	1	1	0	0	0	0	1	1	1	0	1	1	1	1
the article edited .	0	0	0	0	0	0	0	0	0	0	0	0	0	0	0	0	0	0	0	0	0
david edited the chapter .	1	0	0	0	0	0	0	0	0	0	0	0	0	0	0	0	0	0	0	0	0
the chapter edited .	0	0	0	0	0	0	0	0	0	0	0	0	0	0	0	0	0	0	0	0	0
rebecca edited the letter .	1	1	1	1	1	1	1	1	1	1	1	1	1	1	1	1	1	1	1	1	1
the letter edited .	0	0	0	0	0	0	0	0	0	0	0	0	0	0	0	0	0	0	0	0	0
james skimmed the story .	1	1	1	1	1	1	1	1	1	1	1	1	1	1	1	1	1	1	1	1	1
the story skimmed .	0	0	0	0	0	0	0	0	0	0	0	0	0	0	0	0	0	0	0	0	0
james skimmed the book .	1	1	1	1	1	1	1	1	1	1	1	1	1	1	1	1	1	1	1	1	1
the book skimmed .	0	0	0	0	0	0	0	0	0	0	0	0	0	0	0	0	0	0	0	0	0
christopher skimmed the anecdote .	1	1	1	1	1	1	1	1	1	1	1	1	1	1	1	1	1	1	1	1	1
the anecdote skimmed .	0	0	0	0	0	0	0	0	0	0	0	0	0	0	0	0	0	0	0	0	0
kelly skimmed the article .	1	1	1	1	1	1	1	1	1	1	1	1	1	1	1	1	1	1	1	1	1
the article skimmed .	0	0	0	0	0	0	0	0	0	0	0	0	0	0	0	0	0	0	0	0	0
david skimmed the chapter .	1	0	0	0	0	0	0	0	0	0	0	0	0	0	0	0	0	0	0	0	0
the chapter skimmed .	0	0	0	0	0	0	0	0	0	0	0	0	0	0	0	0	0	0	0	0	0
christopher skimmed the letter .	1	1	1	1	1	1	1	1	1	1	1	1	1	1	1	1	1	1	1	1	1
the letter skimmed .	0	0	0	0	0	0	0	0	0	0	0	0	0	0	0	0	0	0	0	0	0
jason revealed the secret .	1	1	1	1	1	1	1	1	1	1	1	1	1	1	1	1	1	1	1	1	1
the secret revealed .	0	1	0	0	0	0	0	0	0	0	0	0	0	0	0	0	0	0	0	0	0
michael revealed the mistake .	1	1	1	1	1	1	1	1	1	1	1	1	1	1	1	1	1	1	1	1	1
the mistake revealed .	0	1	1	1	1	1	1	1	1	1	1	1	1	1	1	1	1	1	1	1	1
david revealed the results .	1	1	1	1	1	1	1	1	1	1	1	1	1	1	1	1	1	1	1	1	1
the results revealed .	0	0	0	0	0	0	0	0	0	0	0	0	0	0	0	0	0	0	0	0	0
jessica revealed the outcome .	1	1	1	1	1	1	1	1	1	1	1	1	1	1	1	1	1	1	1	1	1
the outcome revealed .	0	1	1	1	1	1	1	1	1	1	1	1	1	1	1	1	1	1	1	1	1
michael revealed the mess .	1	1	1	1	1	1	1	1	1	1	1	1	1	1	1	1	1	1	1	1	1
the mess revealed .	0	1	1	1	1	1	1	1	1	1	1	1	1	1	1	1	1	1	1	1	1
christopher revealed the disaster .	1	1	1	1	1	1	1	1	1	1	1	1	1	1	1	1	1	1	1	1	1
the disaster revealed .	0	1	1	1	1	1	1	1	1	1	1	1	1	1	1	1	1	1	1	1	1
michael concealed the secret .	1	1	1	1	1	1	1	1	1	1	1	1	1	1	1	1	1	1	1	1	1
the secret concealed .	0	0	0	0	0	0	0	0	0	0	0	0	0	0	0	0	0	0	0	0	0
rebecca concealed the mistake .	1	1	1	1	1	1	1	1	1	1	1	1	1	1	1	1	1	1	1	1	1
the mistake concealed .	0	0	0	0	0	0	0	0	0	0	0	0	0	0	0	0	0	0	0	0	0
nicole concealed the results .	1	1	1	1	1	1	1	1	1	1	1	1	1	1	1	1	1	1	1	1	1
the results concealed .	0	0	0	0	0	0	0	0	0	0	0	0	0	0	0	0	0	0	0	0	0
elizabeth concealed the outcome .	1	1	1	1	1	1	1	1	1	1	1	1	1	1	1	1	1	1	1	1	1
the outcome concealed .	0	0	0	0	0	0	0	0	0	0	0	0	0	0	0	0	0	0	0	0	0
michael concealed the mess .	1	1	1	1	1	1	1	1	1	1	1	1	1	1	1	1	1	1	1	1	1
the mess concealed .	0	0	0	0	0	0	0	0	0	0	0	0	0	0	0	0	0	0	0	0	0
christopher concealed the disaster .	1	1	1	1	1	1	1	1	1	1	1	1	1	1	1	1	1	1	1	1	1
the disaster concealed .	0	0	0	0	0	0	0	0	0	0	0	0	0	0	0	0	0	0	0	0	0
david covered up the secret .	1	1	1	1	1	1	1	1	1	1	1	1	1	1	1	1	1	1	1	1	1
the secret covered up .	0	1	0	0	0	0	0	0	0	0	0	0	0	0	0	0	0	0	0	0	0
christopher covered up the mistake .	1	1	1	1	1	1	1	1	1	1	1	1	1	1	1	1	1	1	1	1	1
the mistake covered up .	0	0	0	0	0	0	0	0	0	0	0	0	0	0	0	0	0	0	0	0	0
kelly covered up the results .	1	1	1	1	1	1	1	1	1	1	1	1	1	1	1	1	1	1	1	1	1
the results covered up .	0	0	0	0	0	0	0	0	0	0	0	0	0	0	0	0	0	0	0	0	0
jason covered up the outcome .	1	1	1	1	1	1	1	1	1	1	1	1	1	1	1	1	1	1	1	1	1
the outcome covered up .	0	0	0	0	0	0	0	0	0	0	0	0	0	0	0	0	0	0	0	0	0
jessica covered up the mess .	1	1	1	1	1	1	1	1	1	1	1	1	1	1	1	1	1	1	1	1	1
the mess covered up .	0	1	1	1	1	1	1	1	1	1	1	1	1	1	1	1	1	1	1	1	1
kelly covered up the disaster .	1	1	1	1	1	1	1	1	1	1	1	1	1	1	1	1	1	1	1	1	1
the disaster covered up .	0	1	0	0	0	0	0	0	0	0	0	0	0	0	0	0	0	0	0	0	0
david uncovered the secret .	1	1	1	1	1	1	1	1	1	1	1	1	1	1	1	1	1	1	1	1	1
the secret uncovered .	0	0	0	0	0	0	0	0	0	0	0	0	0	0	0	0	0	0	0	0	0
david uncovered the mistake .	1	0	1	1	1	1	0	1	1	0	0	0	0	1	1	0	0	1	1	0	1
the mistake uncovered .	0	0	0	0	0	0	0	0	0	0	0	0	0	0	0	0	0	0	0	0	0
jessica uncovered the results .	1	1	1	1	1	1	1	1	1	1	1	1	1	1	1	1	1	1	1	1	1
the results uncovered .	0	0	0	0	0	0	0	0	0	0	0	0	0	0	0	0	0	0	0	0	0
james uncovered the outcome .	1	1	1	1	1	1	1	1	1	1	1	1	1	1	1	1	1	1	1	1	1
the outcome uncovered .	0	0	1	1	1	1	1	1	1	0	0	0	0	1	1	0	0	0	1	0	1
david uncovered the mess .	1	1	1	1	1	1	1	1	1	1	1	1	1	1	1	1	1	1	1	1	1
the mess uncovered .	0	0	0	0	0	0	0	0	0	0	0	0	0	0	0	0	0	0	0	0	0
nicole uncovered the disaster .	1	1	1	1	1	1	1	1	1	1	1	1	1	1	1	1	1	1	1	1	1
the disaster uncovered .	0	1	1	1	1	1	1	1	1	1	1	1	1	1	1	1	1	1	1	1	1
kelly drank the liquid .	1	1	1	1	1	1	1	1	1	1	1	1	1	1	1	1	1	1	1	1	1
the liquid drank .	0	1	1	1	1	1	1	1	1	1	1	1	1	1	1	1	1	1	1	1	1
kelly drank the water .	1	1	1	1	1	1	1	1	1	1	1	1	1	1	1	1	1	1	1	1	1
the water drank .	0	1	1	1	1	1	1	1	1	1	1	1	1	1	1	1	1	1	1	1	1
jessica drank the vodka .	1	1	1	1	1	1	1	1	1	1	1	1	1	1	1	1	1	1	1	1	1
the vodka drank .	0	0	0	1	0	0	0	0	0	0	0	0	0	0	0	0	0	0	0	0	0
david drank the beer .	1	1	1	1	1	1	1	1	1	1	1	1	1	1	1	1	1	1	1	1	1
the beer drank .	0	1	1	1	1	1	1	1	1	1	1	1	1	1	1	1	1	1	1	1	1
michael drank the juice .	1	1	1	1	1	1	1	1	1	1	1	1	1	1	1	1	1	1	1	1	1
the juice drank .	0	1	1	1	0	1	0	1	0	0	0	0	0	0	0	0	0	1	0	0	1
david chugged the liquid .	1	1	1	1	1	1	1	1	1	1	1	1	1	1	1	1	1	1	1	1	1
the liquid chugged .	0	1	1	1	1	1	1	1	1	1	1	1	1	1	1	1	1	1	1	1	1
michael chugged the water .	1	1	1	1	1	1	1	1	1	1	1	1	1	1	1	1	1	1	1	1	1
the water chugged .	0	1	1	1	1	1	1	1	1	1	1	1	1	1	1	1	1	1	1	1	1
jessica chugged the vodka .	1	1	1	1	1	1	1	1	1	1	1	1	1	1	1	1	1	1	1	1	1
the vodka chugged .	0	1	1	1	1	1	1	1	1	1	1	1	1	1	1	1	1	1	1	1	1
rebecca chugged the beer .	1	1	1	1	1	1	1	1	1	1	1	1	1	1	1	1	1	1	1	1	1
the beer chugged .	0	1	1	1	1	1	1	1	1	1	1	1	1	1	1	1	1	1	1	1	1
david chugged the juice .	1	0	1	1	0	1	1	1	1	0	0	0	0	1	1	0	0	1	1	0	1
the juice chugged .	0	1	1	1	1	1	1	1	1	1	1	1	1	1	1	1	1	1	1	1	1
james swallowed the liquid .	1	1	1	1	1	1	1	1	1	1	1	1	1	1	1	1	1	1	1	1	1
the liquid swallowed .	0	1	1	1	1	1	1	1	1	1	1	1	1	1	1	1	1	1	1	1	1
kelly swallowed the water .	1	1	1	1	1	1	1	1	1	1	1	1	1	1	1	1	1	1	1	1	1
the water swallowed .	0	1	1	1	1	1	1	1	1	1	1	1	1	1	1	1	1	1	1	1	1
michael swallowed the vodka .	1	1	1	1	1	1	1	1	1	1	1	1	1	1	1	1	1	1	1	1	1
the vodka swallowed .	0	1	1	1	1	1	1	1	1	1	1	1	1	1	1	1	1	1	1	1	1
elizabeth swallowed the beer .	1	1	1	1	1	1	1	1	1	1	1	1	1	1	1	1	1	1	1	1	1
the beer swallowed .	0	1	1	1	1	1	1	1	1	1	1	1	1	1	1	1	1	1	1	1	1
james swallowed the juice .	1	1	1	1	1	1	1	1	1	1	1	1	1	1	1	1	1	1	1	1	1
the juice swallowed .	0	1	1	1	1	1	1	1	1	1	1	1	1	1	1	1	1	1	1	1	1
michael wasted the liquid .	1	1	1	1	1	1	1	1	1	1	1	1	1	1	1	1	1	1	1	1	1
the liquid wasted .	0	0	0	0	0	0	0	0	0	0	0	0	0	0	0	0	0	0	0	0	0
elizabeth wasted the water .	1	1	1	1	1	1	1	1	1	1	1	1	1	1	1	1	1	1	1	1	1
the water wasted .	0	0	0	0	0	0	0	0	0	0	0	0	0	0	0	0	0	0	0	0	0
david wasted the vodka .	1	0	1	1	1	1	1	1	1	1	0	1	0	1	1	0	0	1	1	1	1
the vodka wasted .	0	0	0	0	0	0	0	0	0	0	0	0	0	0	0	0	0	0	0	0	0
rebecca wasted the beer .	1	0	0	0	0	0	0	0	0	0	0	0	0	0	0	0	0	0	0	0	0
the beer wasted .	0	1	1	1	1	1	1	1	1	1	1	1	1	1	1	1	1	1	1	1	1
kelly wasted the juice .	1	1	1	1	1	1	1	1	1	1	1	1	1	1	1	1	1	1	1	1	1
the juice wasted .	0	0	0	0	0	0	0	0	0	0	0	0	0	0	0	0	0	0	0	0	0
